,loss,precision,recall,f1_score,false_negatives,true_positives,false_positives,true_negatives
0,0.21143880486488342,0.8461538553237915,0.8461538553237915,0.8461538553237915,2.0,11.0,2.0,11.0
