model,mean,std,min,max
MobilenetV3small,0.000023542013735,0.00006635881523,0.0,0.000520825386047
