model,mean,std,min,max
efficientnetv2-b0,3.6334570733048124e-05,0.00020901509426490798,0.0,0.0016495585441589355
