model,mean,std,min,max
efficientnetv2-b0,0.000050627549131,0.000318858684849,0.0,0.002733945846558
