model,mean,std,min,max
MobilenetV3small,8.876100110591211e-06,3.798890734368315e-05,0.0,0.0002676546573638916
